id_mutation,date_mutation,numero_disposition,nature_mutation,valeur_fonciere,adresse_numero,adresse_suffixe,adresse_nom_voie,adresse_code_voie,code_postal,code_commune,nom_commune,code_departement,ancien_code_commune,ancien_nom_commune,id_parcelle,ancien_id_parcelle,numero_volume,lot1_numero,lot1_surface_carrez,lot2_numero,lot2_surface_carrez,lot3_numero,lot3_surface_carrez,lot4_numero,lot4_surface_carrez,lot5_numero,lot5_surface_carrez,nombre_lots,code_type_local,type_local,surface_reelle_bati,nombre_pieces_principales,code_nature_culture,nature_culture,code_nature_culture_speciale,nature_culture_speciale,surface_terrain,longitude,latitude,section_prefixe
"2022-535701","2022-06-14","1","Vente","22000.0","68","None","BD RICHARD LENOIR","8208","75011","75111","Paris 11e Arrondissement","75","None","None","75111000BB0038","None","None","1003","nan","None","nan","None","nan","None","None","None","None","1","3","Dépendance","nan","0","None","None","None","None","None","2.373428","48.860671","000BB"
"2022-534886","2022-06-01","1","Vente","575000.0","66","None","BD VOLTAIRE","9907","75011","75111","Paris 11e Arrondissement","75","None","None","75111000BB0007","None","None","22","nan","53","nan","None","nan","None","None","None","None","2","2","Appartement","53.0","3","None","None","None","None","None","2.373389","48.861394","000BB"
"2022-534886","2022-06-01","1","Vente","575000.0","66","None","BD VOLTAIRE","9907","75011","75111","Paris 11e Arrondissement","75","None","None","75111000BB0007","None","None","22","nan","53","nan","None","nan","None","None","None","None","2","3","Dépendance","nan","0","None","None","None","None","None","2.373389","48.861394","000BB"
"2022-532939","2022-05-16","1","Vente","210000.0","4","None","IMP TRUILLOT","9489","75011","75111","Paris 11e Arrondissement","75","None","None","75111000BB0016","None","None","21","21.09","None","nan","None","nan","None","None","None","None","1","2","Appartement","20.0","2","None","None","None","None","None","2.374909","48.860534","000BB"
"2022-532457","2022-04-20","1","Vente","456600.0","13","None","RUE DE L ASILE POPINCOURT","0497","75011","75111","Paris 11e Arrondissement","75","None","None","75111000BB0021","None","None","43","nan","5","nan","None","nan","None","None","None","None","2","2","Appartement","38.0","2","None","None","None","None","None","2.374937","48.860161","000BB"
"2022-532457","2022-04-20","1","Vente","456600.0","13","None","RUE DE L ASILE POPINCOURT","0497","75011","75111","Paris 11e Arrondissement","75","None","None","75111000BB0021","None","None","43","nan","5","nan","None","nan","None","None","None","None","2","3","Dépendance","nan","0","None","None","None","None","None","2.374937","48.860161","000BB"
"2022-530470","2022-04-06","1","Vente","15000.0","76","None","BD VOLTAIRE","9907","75011","75111","Paris 11e Arrondissement","75","None","None","75111000BB0010","None","None","637","12.0","None","nan","None","nan","None","None","None","None","1","3","Dépendance","nan","0","None","None","None","None","None","2.373846","48.860916","000BB"
"2022-530802","2022-04-05","1","Vente","35000.0","76","None","BD VOLTAIRE","9907","75011","75111","Paris 11e Arrondissement","75","None","None","75111000BB0010","None","None","731","nan","None","nan","None","nan","None","None","None","None","1","3","Dépendance","nan","0","None","None","None","None","None","2.373846","48.860916","000BB"
"2022-530032","2022-03-30","1","Vente","26000.0","76","None","BD VOLTAIRE","9907","75011","75111","Paris 11e Arrondissement","75","None","None","75111000BB0010","None","None","732","nan","None","nan","None","nan","None","None","None","None","1","3","Dépendance","nan","0","None","None","None","None","None","2.373846","48.860916","000BB"
"2022-530547","2022-03-24","1","Vente","360000.0","70","None","BD VOLTAIRE","9907","75011","75111","Paris 11e Arrondissement","75","None","None","75111000BB0008","None","None","308","nan","329","31.25","None","nan","None","None","None","None","2","2","Appartement","28.0","2","None","None","None","None","None","2.373543","48.861201","000BB"
"2022-530547","2022-03-24","1","Vente","360000.0","70","None","BD VOLTAIRE","9907","75011","75111","Paris 11e Arrondissement","75","None","None","75111000BB0008","None","None","308","nan","329","31.25","None","nan","None","None","None","None","2","3","Dépendance","nan","0","None","None","None","None","None","2.373543","48.861201","000BB"
"2022-529518","2022-03-22","1","Vente","746000.0","76","None","BD VOLTAIRE","9907","75011","75111","Paris 11e Arrondissement","75","None","None","75111000BB0010","None","None","313","66.86","329","nan","None","nan","None","None","None","None","2","2","Appartement","68.0","4","None","None","None","None","None","2.373846","48.860916","000BB"
"2022-529517","2022-03-22","1","Vente","23500.0","76","None","BD VOLTAIRE","9907","75011","75111","Paris 11e Arrondissement","75","None","None","75111000BB0010","None","None","443","nan","None","nan","None","nan","None","None","None","None","1","3","Dépendance","nan","0","None","None","None","None","None","2.373846","48.860916","000BB"
"2022-529518","2022-03-22","1","Vente","746000.0","76","None","BD VOLTAIRE","9907","75011","75111","Paris 11e Arrondissement","75","None","None","75111000BB0010","None","None","313","66.86","329","nan","None","nan","None","None","None","None","2","3","Dépendance","nan","0","None","None","None","None","None","2.373846","48.860916","000BB"
"2022-528564","2022-02-25","1","Vente","20000.0","68","None","BD RICHARD LENOIR","8208","75011","75111","Paris 11e Arrondissement","75","None","None","75111000BB0038","None","None","1166","nan","None","nan","None","nan","None","None","None","None","1","3","Dépendance","nan","0","None","None","None","None","None","2.373428","48.860671","000BB"
"2022-527357","2022-02-17","1","Vente","524690.0","61","None","RUE POPINCOURT","7626","75011","75111","Paris 11e Arrondissement","75","None","None","75111000BB0018","None","None","108","44.65","None","nan","None","nan","None","None","None","None","1","2","Appartement","39.0","2","None","None","None","None","None","2.375142","48.860339","000BB"
"2022-527357","2022-02-17","1","Vente","524690.0","61","None","RUE POPINCOURT","7626","75011","75111","Paris 11e Arrondissement","75","None","None","75111000BB0018","None","None","108","44.65","None","nan","None","nan","None","None","None","None","1","3","Dépendance","nan","0","None","None","None","None","None","2.375142","48.860339","000BB"
"2022-527367","2022-02-10","1","Vente","30000.0","68","None","BD RICHARD LENOIR","8208","75011","75111","Paris 11e Arrondissement","75","None","None","75111000BB0038","None","None","1244","nan","None","nan","None","nan","None","None","None","None","1","3","Dépendance","nan","0","None","None","None","None","None","2.373428","48.860671","000BB"
"2022-526141","2022-01-26","1","Vente","383000.0","62","None","BD VOLTAIRE","9907","75011","75111","Paris 11e Arrondissement","75","None","None","75111000BB0004","None","None","10","nan","None","nan","None","nan","None","None","None","None","1","2","Appartement","35.0","1","None","None","None","None","None","2.373182","48.86168","000BB"
"2022-527437","2022-01-26","1","Vente","534000.0","7","None","RUE DE L ASILE POPINCOURT","0497","75011","75111","Paris 11e Arrondissement","75","None","None","75111000BB0024","None","None","127","nan","62","55.34","None","nan","None","None","None","None","2","2","Appartement","55.0","3","None","None","None","None","None","2.374524","48.860055","000BB"
"2022-526141","2022-01-26","1","Vente","383000.0","62","None","BD VOLTAIRE","9907","75011","75111","Paris 11e Arrondissement","75","None","None","75111000BB0004","None","None","10","nan","None","nan","None","nan","None","None","None","None","1","3","Dépendance","nan","0","None","None","None","None","None","2.373182","48.86168","000BB"
"2022-527437","2022-01-26","1","Vente","534000.0","7","None","RUE DE L ASILE POPINCOURT","0497","75011","75111","Paris 11e Arrondissement","75","None","None","75111000BB0024","None","None","127","nan","62","55.34","None","nan","None","None","None","None","2","3","Dépendance","nan","0","None","None","None","None","None","2.374524","48.860055","000BB"
"2022-525664","2022-01-14","1","Vente","360000.0","68","None","BD RICHARD LENOIR","8208","75011","75111","Paris 11e Arrondissement","75","None","None","75111000BB0038","None","None","1055","nan","1095","32.8","None","nan","None","None","None","None","2","2","Appartement","32.0","1","None","None","None","None","None","2.373428","48.860671","000BB"
"2022-525664","2022-01-14","1","Vente","360000.0","68","None","BD RICHARD LENOIR","8208","75011","75111","Paris 11e Arrondissement","75","None","None","75111000BB0038","None","None","1055","nan","1095","32.8","None","nan","None","None","None","None","2","3","Dépendance","nan","0","None","None","None","None","None","2.373428","48.860671","000BB"
"2021-1613681","2021-12-28","1","Vente","310000.0","5","B","RUE DE L ASILE POPINCOURT","0497","75011","75111","Paris 11e Arrondissement","75","None","None","75111000BB0029","None","None","12","31.8","40","nan","None","nan","None","None","None","None","2","2","Appartement","31.0","2","None","None","None","None","None","2.374117","48.859949","000BB"
"2021-1613681","2021-12-28","1","Vente","310000.0","5","B","RUE DE L ASILE POPINCOURT","0497","75011","75111","Paris 11e Arrondissement","75","None","None","75111000BB0029","None","None","12","31.8","40","nan","None","nan","None","None","None","None","2","3","Dépendance","nan","0","None","None","None","None","None","2.374117","48.859949","000BB"
"2021-1613524","2021-12-23","1","Vente","690000.0","68","None","BD RICHARD LENOIR","8208","75011","75111","Paris 11e Arrondissement","75","None","None","75111000BB0038","None","None","1039","nan","1112","55.04","None","nan","None","None","None","None","2","2","Appartement","55.0","2","None","None","None","None","None","2.373428","48.860671","000BB"
"2021-1613524","2021-12-23","1","Vente","690000.0","68","None","BD RICHARD LENOIR","8208","75011","75111","Paris 11e Arrondissement","75","None","None","75111000BB0038","None","None","1039","nan","1112","55.04","None","nan","None","None","None","None","2","3","Dépendance","nan","0","None","None","None","None","None","2.373428","48.860671","000BB"
"2021-1612324","2021-12-16","1","Vente","838900.0","8","None","IMP TRUILLOT","9489","75011","75111","Paris 11e Arrondissement","75","None","None","75111000BB0014","None","None","1","nan","17","nan","55","nan","56","None","None","None","4","2","Appartement","30.0","1","None","None","None","None","None","2.37449","48.860429","000BB"
"2021-1612324","2021-12-16","1","Vente","838900.0","8","None","IMP TRUILLOT","9489","75011","75111","Paris 11e Arrondissement","75","None","None","75111000BB0014","None","None","1","nan","17","nan","55","nan","56","None","None","None","4","4","Local industriel. commercial ou assimilé","48.0","0","None","None","None","None","None","2.37449","48.860429","000BB"
"2021-1612224","2021-12-15","1","Vente","130000.0","8","None","IMP TRUILLOT","9489","75011","75111","Paris 11e Arrondissement","75","None","None","75111000BB0014","None","None","67","nan","None","nan","None","nan","None","None","None","None","1","2","Appartement","13.0","1","None","None","None","None","None","2.37449","48.860429","000BB"
"2021-1612762","2021-12-15","1","Vente","300000.0","76","None","BD VOLTAIRE","9907","75011","75111","Paris 11e Arrondissement","75","None","None","75111000BB0010","None","None","130","29.61","181","nan","None","nan","None","None","None","None","2","2","Appartement","29.0","1","None","None","None","None","None","2.373846","48.860916","000BB"
"2021-1612762","2021-12-15","1","Vente","300000.0","76","None","BD VOLTAIRE","9907","75011","75111","Paris 11e Arrondissement","75","None","None","75111000BB0010","None","None","130","29.61","181","nan","None","nan","None","None","None","None","2","3","Dépendance","nan","0","None","None","None","None","None","2.373846","48.860916","000BB"
"2021-1612762","2021-12-15","1","Vente","300000.0","76","None","BD VOLTAIRE","9907","75011","75111","Paris 11e Arrondissement","75","None","None","75111000BB0010","None","None","717","nan","None","nan","None","nan","None","None","None","None","1","3","Dépendance","nan","0","None","None","None","None","None","2.373846","48.860916","000BB"
"2021-1612499","2021-12-09","1","Vente","600000.0","76","None","BD VOLTAIRE","9907","75011","75111","Paris 11e Arrondissement","75","None","None","75111000BB0010","None","None","724","nan","None","nan","None","nan","None","None","None","None","1","3","Dépendance","nan","0","None","None","None","None","None","2.373846","48.860916","000BB"
"2021-1611431","2021-12-02","1","Vente","1196000.0","74","None","BD RICHARD LENOIR","8208","75011","75111","Paris 11e Arrondissement","75","None","None","75111000BB0040","None","None","48","nan","8","108.22","None","nan","None","None","None","None","2","2","Appartement","105.0","4","None","None","None","None","None","2.373197","48.860941","000BB"
"2021-1612898","2021-12-01","1","Vente","298550.0","68","None","BD RICHARD LENOIR","8208","75011","75111","Paris 11e Arrondissement","75","None","None","75111000BB0038","None","None","1027","nan","1107","25.91","None","nan","None","None","None","None","2","2","Appartement","26.0","1","None","None","None","None","None","2.373428","48.860671","000BB"
"2021-1612898","2021-12-01","1","Vente","298550.0","68","None","BD RICHARD LENOIR","8208","75011","75111","Paris 11e Arrondissement","75","None","None","75111000BB0038","None","None","1027","nan","1107","25.91","None","nan","None","None","None","None","2","3","Dépendance","nan","0","None","None","None","None","None","2.373428","48.860671","000BB"
"2021-1610821","2021-11-19","1","Vente","24500.0","76","None","BD VOLTAIRE","9907","75011","75111","Paris 11e Arrondissement","75","None","None","75111000BB0010","None","None","443","nan","None","nan","None","nan","None","None","None","None","1","3","Dépendance","nan","0","None","None","None","None","None","2.373846","48.860916","000BB"
"2021-1610821","2021-11-19","1","Vente","24500.0","76","None","BD VOLTAIRE","9907","75011","75111","Paris 11e Arrondissement","75","None","None","75111000BB0010","None","None","438","nan","None","nan","None","nan","None","None","None","None","1","3","Dépendance","nan","0","None","None","None","None","None","2.373846","48.860916","000BB"
"2021-1610821","2021-11-19","1","Vente","24500.0","76","None","BD VOLTAIRE","9907","75011","75111","Paris 11e Arrondissement","75","None","None","75111000BB0010","None","None","436","nan","None","nan","None","nan","None","None","None","None","1","3","Dépendance","nan","0","None","None","None","None","None","2.373846","48.860916","000BB"
"2021-1611080","2021-11-18","1","Vente","24500.0","76","None","BD VOLTAIRE","9907","75011","75111","Paris 11e Arrondissement","75","None","None","75111000BB0010","None","None","438","nan","None","nan","None","nan","None","None","None","None","1","3","Dépendance","nan","0","None","None","None","None","None","2.373846","48.860916","000BB"
"2021-1610018","2021-11-04","1","Vente","781500.0","3","None","RUE DE L ASILE POPINCOURT","0497","75011","75111","Paris 11e Arrondissement","75","None","None","75111000BB0033","None","None","2","nan","25","77.77","None","nan","None","None","None","None","2","2","Appartement","77.0","3","None","None","None","None","None","2.373596","48.85981","000BB"
"2021-1610018","2021-11-04","1","Vente","781500.0","3","None","RUE DE L ASILE POPINCOURT","0497","75011","75111","Paris 11e Arrondissement","75","None","None","75111000BB0033","None","None","2","nan","25","77.77","None","nan","None","None","None","None","2","3","Dépendance","nan","0","None","None","None","None","None","2.373596","48.85981","000BB"
"2021-1610626","2021-11-03","1","Vente","475000.0","61","None","RUE POPINCOURT","7626","75011","75111","Paris 11e Arrondissement","75","None","None","75111000BB0018","None","None","113","45.21","114","nan","None","nan","None","None","None","None","2","2","Appartement","49.0","2","None","None","None","None","None","2.375142","48.860339","000BB"
"2021-1610626","2021-11-03","1","Vente","475000.0","61","None","RUE POPINCOURT","7626","75011","75111","Paris 11e Arrondissement","75","None","None","75111000BB0018","None","None","113","45.21","114","nan","None","nan","None","None","None","None","2","3","Dépendance","nan","0","None","None","None","None","None","2.375142","48.860339","000BB"
"2021-1608949","2021-10-26","1","Vente","486000.0","76","None","BD VOLTAIRE","9907","75011","75111","Paris 11e Arrondissement","75","None","None","75111000BB0010","None","None","531","nan","558","nan","None","nan","None","None","None","None","2","2","Appartement","44.0","2","None","None","None","None","None","2.373846","48.860916","000BB"
"2021-1608949","2021-10-26","1","Vente","486000.0","76","None","BD VOLTAIRE","9907","75011","75111","Paris 11e Arrondissement","75","None","None","75111000BB0010","None","None","531","nan","558","nan","None","nan","None","None","None","None","2","3","Dépendance","nan","0","None","None","None","None","None","2.373846","48.860916","000BB"
"2021-1608949","2021-10-26","1","Vente","486000.0","76","None","BD VOLTAIRE","9907","75011","75111","Paris 11e Arrondissement","75","None","None","75111000BB0010","None","None","325","nan","None","nan","None","nan","None","None","None","None","1","3","Dépendance","nan","0","None","None","None","None","None","2.373846","48.860916","000BB"
"2021-1608328","2021-10-18","1","Vente","490000.0","76","None","BD VOLTAIRE","9907","75011","75111","Paris 11e Arrondissement","75","None","None","75111000BB0010","None","None","522","nan","615","nan","None","nan","None","None","None","None","2","2","Appartement","47.0","2","None","None","None","None","None","2.373846","48.860916","000BB"
"2021-1608328","2021-10-18","1","Vente","490000.0","76","None","BD VOLTAIRE","9907","75011","75111","Paris 11e Arrondissement","75","None","None","75111000BB0010","None","None","445","nan","None","nan","None","nan","None","None","None","None","1","3","Dépendance","nan","0","None","None","None","None","None","2.373846","48.860916","000BB"
"2021-1608328","2021-10-18","1","Vente","490000.0","76","None","BD VOLTAIRE","9907","75011","75111","Paris 11e Arrondissement","75","None","None","75111000BB0010","None","None","522","nan","615","nan","None","nan","None","None","None","None","2","3","Dépendance","nan","0","None","None","None","None","None","2.373846","48.860916","000BB"
"2021-1605756","2021-09-03","1","Vente","22000.0","68","None","BD RICHARD LENOIR","8208","75011","75111","Paris 11e Arrondissement","75","None","None","75111000BB0038","None","None","1162","nan","None","nan","None","nan","None","None","None","None","1","3","Dépendance","nan","0","None","None","None","None","None","2.373428","48.860671","000BB"
"2021-1604163","2021-08-03","1","Vente","604050.0","13","None","RUE DE L ASILE POPINCOURT","0497","75011","75111","Paris 11e Arrondissement","75","None","None","75111000BB0021","None","None","57","nan","58","nan","94","nan","None","None","None","None","3","2","Appartement","56.0","3","None","None","None","None","None","2.374937","48.860161","000BB"
"2021-1604163","2021-08-03","1","Vente","604050.0","13","None","RUE DE L ASILE POPINCOURT","0497","75011","75111","Paris 11e Arrondissement","75","None","None","75111000BB0021","None","None","57","nan","58","nan","94","nan","None","None","None","None","3","3","Dépendance","nan","0","None","None","None","None","None","2.374937","48.860161","000BB"
"2021-1604379","2021-08-02","1","Vente","950000.0","78","None","BD VOLTAIRE","9907","75011","75111","Paris 11e Arrondissement","75","None","None","75111000BB0011","None","None","34","nan","6","82.0","None","nan","None","None","None","None","2","2","Appartement","78.0","3","None","None","None","None","None","2.374401","48.860937","000BB"
"2021-1604379","2021-08-02","1","Vente","950000.0","78","None","BD VOLTAIRE","9907","75011","75111","Paris 11e Arrondissement","75","None","None","75111000BB0011","None","None","34","nan","6","82.0","None","nan","None","None","None","None","2","3","Dépendance","nan","0","None","None","None","None","None","2.374401","48.860937","000BB"
"2021-1603280","2021-07-28","1","Vente","71500.0","68","None","BD VOLTAIRE","9907","75011","75111","Paris 11e Arrondissement","75","None","None","75111000BB0008","None","None","127","6.5","None","nan","None","nan","None","None","None","None","1","3","Dépendance","nan","0","None","None","None","None","None","2.373543","48.861201","000BB"
"2021-1603097","2021-07-15","1","Vente","516000.0","86","None","BD VOLTAIRE","9907","75011","75111","Paris 11e Arrondissement","75","None","None","75111000BB0017","None","None","28","nan","5","nan","None","nan","None","None","None","None","2","2","Appartement","43.0","2","None","None","None","None","None","2.375157","48.860539","000BB"
"2021-1603097","2021-07-15","1","Vente","516000.0","86","None","BD VOLTAIRE","9907","75011","75111","Paris 11e Arrondissement","75","None","None","75111000BB0017","None","None","28","nan","5","nan","None","nan","None","None","None","None","2","3","Dépendance","nan","0","None","None","None","None","None","2.375157","48.860539","000BB"
"2021-1602070","2021-07-09","1","Vente","390000.0","70","None","BD VOLTAIRE","9907","75011","75111","Paris 11e Arrondissement","75","None","None","75111000BB0008","None","None","310","nan","332","35.06","None","nan","None","None","None","None","2","2","Appartement","35.0","2","None","None","None","None","None","2.373543","48.861201","000BB"
"2021-1602070","2021-07-09","1","Vente","390000.0","70","None","BD VOLTAIRE","9907","75011","75111","Paris 11e Arrondissement","75","None","None","75111000BB0008","None","None","310","nan","332","35.06","None","nan","None","None","None","None","2","3","Dépendance","nan","0","None","None","None","None","None","2.373543","48.861201","000BB"
"2021-1603363","2021-07-08","1","Vente","700000.0","76","None","BD VOLTAIRE","9907","75011","75111","Paris 11e Arrondissement","75","None","None","75111000BB0010","None","None","550","63.39","651","nan","None","nan","None","None","None","None","2","2","Appartement","66.0","2","None","None","None","None","None","2.373846","48.860916","000BB"
"2021-1603363","2021-07-08","1","Vente","700000.0","76","None","BD VOLTAIRE","9907","75011","75111","Paris 11e Arrondissement","75","None","None","75111000BB0010","None","None","550","63.39","651","nan","None","nan","None","None","None","None","2","3","Dépendance","nan","0","None","None","None","None","None","2.373846","48.860916","000BB"
"2021-1603363","2021-07-08","1","Vente","700000.0","76","None","BD VOLTAIRE","9907","75011","75111","Paris 11e Arrondissement","75","None","None","75111000BB0010","None","None","597","nan","None","nan","None","nan","None","None","None","None","1","3","Dépendance","nan","0","None","None","None","None","None","2.373846","48.860916","000BB"
"2021-1601691","2021-07-01","1","Vente","110000.0","76","None","BD VOLTAIRE","9907","75011","75111","Paris 11e Arrondissement","75","None","None","75111000BB0010","None","None","107","22.67","None","nan","None","nan","None","None","None","None","1","2","Appartement","23.0","1","None","None","None","None","None","2.373846","48.860916","000BB"
"2021-1602919","2021-06-29","1","Vente","570000.0","86","None","BD VOLTAIRE","9907","75011","75111","Paris 11e Arrondissement","75","None","None","75111000BB0017","None","None","18","nan","None","nan","None","nan","None","None","None","None","1","2","Appartement","55.0","3","None","None","None","None","None","2.375157","48.860539","000BB"
"2021-1602919","2021-06-29","1","Vente","570000.0","86","None","BD VOLTAIRE","9907","75011","75111","Paris 11e Arrondissement","75","None","None","75111000BB0017","None","None","37","51.27","None","nan","None","nan","None","None","None","None","1","2","Appartement","66.0","2","None","None","None","None","None","2.375157","48.860539","000BB"
"2021-1601433","2021-06-29","1","Vente","35900.0","76","None","BD VOLTAIRE","9907","75011","75111","Paris 11e Arrondissement","75","None","None","75111000BB0010","None","None","418","nan","None","nan","None","nan","None","None","None","None","1","3","Dépendance","nan","0","None","None","None","None","None","2.373846","48.860916","000BB"
"2021-1602919","2021-06-29","1","Vente","570000.0","86","None","BD VOLTAIRE","9907","75011","75111","Paris 11e Arrondissement","75","None","None","75111000BB0017","None","None","37","51.27","None","nan","None","nan","None","None","None","None","1","3","Dépendance","nan","0","None","None","None","None","None","2.375157","48.860539","000BB"
"2021-1602919","2021-06-29","1","Vente","570000.0","86","None","BD VOLTAIRE","9907","75011","75111","Paris 11e Arrondissement","75","None","None","75111000BB0017","None","None","18","nan","None","nan","None","nan","None","None","None","None","1","3","Dépendance","nan","0","None","None","None","None","None","2.375157","48.860539","000BB"
"2021-1601703","2021-06-28","1","Vente","302000.0","8","None","IMP TRUILLOT","9489","75011","75111","Paris 11e Arrondissement","75","None","None","75111000BB0014","None","None","71","26.97","None","nan","None","nan","None","None","None","None","1","2","Appartement","35.0","2","None","None","None","None","None","2.37449","48.860429","000BB"
"2021-1600770","2021-06-17","1","Vente","520000.0","68","None","BD RICHARD LENOIR","8208","75011","75111","Paris 11e Arrondissement","75","None","None","75111000BB0038","None","None","1052","nan","1084","52.02","None","nan","None","None","None","None","2","2","Appartement","54.0","2","None","None","None","None","None","2.373428","48.860671","000BB"
"2021-1600770","2021-06-17","1","Vente","520000.0","68","None","BD RICHARD LENOIR","8208","75011","75111","Paris 11e Arrondissement","75","None","None","75111000BB0038","None","None","1052","nan","1084","52.02","None","nan","None","None","None","None","2","3","Dépendance","nan","0","None","None","None","None","None","2.373428","48.860671","000BB"
"2021-1599998","2021-06-07","1","Vente","1110000.0","70","None","BD VOLTAIRE","9907","75011","75111","Paris 11e Arrondissement","75","None","None","75111000BB0008","None","None","213","nan","301","nan","None","nan","None","None","None","None","2","2","Appartement","106.0","5","None","None","None","None","None","2.373543","48.861201","000BB"
"2021-1599998","2021-06-07","1","Vente","1110000.0","70","None","BD VOLTAIRE","9907","75011","75111","Paris 11e Arrondissement","75","None","None","75111000BB0008","None","None","335","nan","None","nan","None","nan","None","None","None","None","1","3","Dépendance","nan","0","None","None","None","None","None","2.373543","48.861201","000BB"
"2021-1599998","2021-06-07","1","Vente","1110000.0","70","None","BD VOLTAIRE","9907","75011","75111","Paris 11e Arrondissement","75","None","None","75111000BB0008","None","None","213","nan","301","nan","None","nan","None","None","None","None","2","3","Dépendance","nan","0","None","None","None","None","None","2.373543","48.861201","000BB"
"2021-1599998","2021-06-07","1","Vente","1110000.0","70","None","BD VOLTAIRE","9907","75011","75111","Paris 11e Arrondissement","75","None","None","75111000BB0008","None","None","213","nan","301","nan","None","nan","None","None","None","None","2","3","Dépendance","nan","0","None","None","None","None","None","2.373543","48.861201","000BB"
"2021-1599828","2021-06-03","1","Vente","367600.0","8","None","IMP TRUILLOT","9489","75011","75111","Paris 11e Arrondissement","75","None","None","75111000BB0014","None","None","10","nan","52","nan","53","nan","None","None","None","None","3","2","Appartement","27.0","1","None","None","None","None","None","2.37449","48.860429","000BB"
"2021-1599828","2021-06-03","1","Vente","367600.0","8","None","IMP TRUILLOT","9489","75011","75111","Paris 11e Arrondissement","75","None","None","75111000BB0014","None","None","10","nan","52","nan","53","nan","None","None","None","None","3","3","Dépendance","nan","0","None","None","None","None","None","2.37449","48.860429","000BB"
"2021-1616377","2021-04-29","1","Vente","531000.0","68","None","BD RICHARD LENOIR","8208","75011","75111","Paris 11e Arrondissement","75","None","None","75111000BB0038","None","None","1061","nan","1126","52.09","None","nan","None","None","None","None","2","2","Appartement","55.0","2","None","None","None","None","None","2.373428","48.860671","000BB"
"2021-1616091","2021-04-26","1","Vente","865000.0","61","None","RUE POPINCOURT","7626","75011","75111","Paris 11e Arrondissement","75","None","None","75111000BB0018","None","None","116","73.02","117","nan","None","nan","None","None","None","None","2","2","Appartement","75.0","4","None","None","None","None","None","2.375142","48.860339","000BB"
"2021-1616105","2021-04-26","1","Vente","388000.0","66","None","BD VOLTAIRE","9907","75011","75111","Paris 11e Arrondissement","75","None","None","75111000BB0007","None","None","19","37.06","59","nan","None","nan","None","None","None","None","2","2","Appartement","37.0","2","None","None","None","None","None","2.373389","48.861394","000BB"
"2021-1616057","2021-04-22","1","Vente","133900.0","8","None","IMP TRUILLOT","9489","75011","75111","Paris 11e Arrondissement","75","None","None","75111000BB0014","None","None","68","11.55","None","nan","None","nan","None","None","None","None","1","2","Appartement","13.0","1","None","None","None","None","None","2.37449","48.860429","000BB"
"2021-1615905","2021-04-19","1","Vente","300000.0","72","None","BD VOLTAIRE","9907","75011","75111","Paris 11e Arrondissement","75","None","None","75111000BB0009","None","None","46","27.35","70","nan","None","nan","None","None","None","None","2","2","Appartement","25.0","1","None","None","None","None","None","2.373831","48.861192","000BB"
"2021-1615425","2021-03-17","1","Vente","456150.0","13","None","IMP TRUILLOT","9489","75011","75111","Paris 11e Arrondissement","75","None","None","75111000BB0025","None","None","10","27.05","None","nan","None","nan","None","None","None","None","1","2","Appartement","24.0","1","None","None","None","None","None","2.374559","48.860212","000BB"
"2021-1615546","2021-03-10","1","Vente","604220.0","15","None","RUE DE L ASILE POPINCOURT","0497","75011","75111","Paris 11e Arrondissement","75","None","None","75111000BB0020","None","None","16","44.75","18","nan","None","nan","None","None","None","None","2","2","Appartement","44.0","2","None","None","None","None","None","2.375294","48.860171","000BB"
"2021-1615650","2021-03-09","1","Vente","40000.0","76","None","BD VOLTAIRE","9907","75011","75111","Paris 11e Arrondissement","75","None","None","75111000BB0010","None","None","441","nan","None","nan","None","nan","None","None","None","None","1","3","Dépendance","nan","0","None","None","None","None","None","2.373846","48.860916","000BB"
"2021-1615650","2021-03-09","1","Vente","40000.0","76","None","BD VOLTAIRE","9907","75011","75111","Paris 11e Arrondissement","75","None","None","75111000BB0010","None","None","442","nan","None","nan","None","nan","None","None","None","None","1","3","Dépendance","nan","0","None","None","None","None","None","2.373846","48.860916","000BB"
"2021-1614949","2021-02-12","1","Vente","1090000.0","76","None","BD VOLTAIRE","9907","75011","75111","Paris 11e Arrondissement","75","None","None","75111000BB0010","None","None","403","90.08","404","nan","412","nan","None","None","None","None","3","2","Appartement","89.0","4","None","None","None","None","None","2.373846","48.860916","000BB"
"2021-1614794","2021-01-28","1","Vente","863000.0","76","None","BD RICHARD LENOIR","8208","75011","75111","Paris 11e Arrondissement","75","None","None","75111000BB0041","None","None","28","nan","42","81.08","None","nan","None","None","None","None","2","2","Appartement","81.0","4","None","None","None","None","None","2.373159","48.861116","000BB"
"2021-1614794","2021-01-28","1","Vente","863000.0","76","None","BD RICHARD LENOIR","8208","75011","75111","Paris 11e Arrondissement","75","None","None","75111000BB0041","None","None","103","nan","None","nan","None","nan","None","None","None","None","1","3","Dépendance","nan","0","None","None","None","None","None","2.373159","48.861116","000BB"
"2021-1614664","2021-01-08","1","Vente","537480.0","76","None","BD VOLTAIRE","9907","75011","75111","Paris 11e Arrondissement","75","None","None","75111000BB0010","None","None","517","nan","None","nan","None","nan","None","None","None","None","1","2","Appartement","47.0","2","None","None","None","None","None","2.373846","48.860916","000BB"
"2020-1437721","2020-12-29","1","Vente","30000.0","76","None","BD VOLTAIRE","9907","75011","75111","Paris 11e Arrondissement","75","None","None","75111000BB0010","None","None","723","nan","None","nan","None","nan","None","None","None","None","1","3","Dépendance","nan","0","None","None","None","None","None","2.373846","48.860916","000BB"
"2020-1437541","2020-12-18","1","Vente","536000.0","7","None","RUE DE L ASILE POPINCOURT","0497","75011","75111","Paris 11e Arrondissement","75","None","None","75111000BB0024","None","None","132","nan","66","nan","None","nan","None","None","None","None","2","2","Appartement","53.0","3","None","None","None","None","None","2.374524","48.860055","000BB"
"2020-1437203","2020-11-26","1","Vente","465000.0","11","None","IMP TRUILLOT","9489","75011","75111","Paris 11e Arrondissement","75","None","None","75111000BB0050","None","None","1","nan","9","nan","None","nan","None","None","None","None","2","2","Appartement","34.0","2","None","None","None","None","None","2.374698","48.860234","000BB"
"2020-1436709","2020-10-26","1","Vente","258980.0","68","None","BD RICHARD LENOIR","8208","75011","75111","Paris 11e Arrondissement","75","None","None","75111000BB0038","None","None","1018","nan","1121","26.08","None","nan","None","None","None","None","2","2","Appartement","26.0","1","None","None","None","None","None","2.373428","48.860671","000BB"
"2020-1436847","2020-10-23","1","Vente","335000.0","8","None","IMP TRUILLOT","9489","75011","75111","Paris 11e Arrondissement","75","None","None","75111000BB0014","None","None","70","27.02","None","nan","None","nan","None","None","None","None","1","2","Appartement","26.0","2","None","None","None","None","None","2.37449","48.860429","000BB"
"2020-1436804","2020-10-16","1","Vente","987005.6","78","None","BD VOLTAIRE","9907","75011","75111","Paris 11e Arrondissement","75","None","None","75111000BB0011","None","None","49","80.84","None","nan","None","nan","None","None","None","None","1","2","Appartement","83.0","4","None","None","None","None","None","2.374401","48.860937","000BB"
"2020-1436324","2020-10-01","1","Vente","240100.0","4","None","IMP TRUILLOT","9489","75011","75111","Paris 11e Arrondissement","75","None","None","75111000BB0016","None","None","6","22.97","None","nan","None","nan","None","None","None","None","1","2","Appartement","23.0","2","None","None","None","None","None","2.374909","48.860534","000BB"
"2020-1436224","2020-09-21","1","Vente","26500.0","76","None","BD VOLTAIRE","9907","75011","75111","Paris 11e Arrondissement","75","None","None","75111000BB0010","None","None","633","nan","None","nan","None","nan","None","None","None","None","1","3","Dépendance","nan","0","None","None","None","None","None","2.373846","48.860916","000BB"
"2020-1436055","2020-09-16","1","Vente","19500.0","7","None","RUE DE L ASILE POPINCOURT","0497","75011","75111","Paris 11e Arrondissement","75","None","None","75111000BB0024","None","None","255","nan","None","nan","None","nan","None","None","None","None","1","3","Dépendance","nan","0","None","None","None","None","None","2.374524","48.860055","000BB"
"2020-1435549","2020-07-22","1","Vente","14500.0","76","None","BD VOLTAIRE","9907","75011","75111","Paris 11e Arrondissement","75","None","None","75111000BB0010","None","None","642","nan","None","nan","None","nan","None","None","None","None","1","3","Dépendance","nan","0","None","None","None","None","None","2.373846","48.860916","000BB"
"2020-1435438","2020-07-02","1","Vente","630000.0","7","None","RUE DE L ASILE POPINCOURT","0497","75011","75111","Paris 11e Arrondissement","75","None","None","75111000BB0024","None","None","23","56.09","None","nan","None","nan","None","None","None","None","1","2","Appartement","55.0","3","None","None","None","None","None","2.374524","48.860055","000BB"
"2020-1435438","2020-07-02","1","Vente","630000.0","7","None","RUE DE L ASILE POPINCOURT","0497","75011","75111","Paris 11e Arrondissement","75","None","None","75111000BB0024","None","None","113","nan","None","nan","None","nan","None","None","None","None","1","3","Dépendance","nan","0","None","None","None","None","None","2.374524","48.860055","000BB"